"GID_1","GID_0","COUNTRY","province","VARNAME_1","NL_NAME_1","TYPE_1","ENGTYPE_1","CC_1","HASC_1","ISO_1","hist_tmean","hist_tmax","hist_prec","temp_change_ssp245_4560","tmax_change_ssp245_4560","prec_change_ssp245_4560","wet_prec_change_ssp245_4560","dry_prec_change_ssp245_4560","wet_temp_change_ssp245_4560","dry_temp_change_ssp245_4560","temp_change_ssp245_6180","tmax_change_ssp245_6180","prec_change_ssp245_6180","wet_prec_change_ssp245_6180","dry_prec_change_ssp245_6180","wet_temp_change_ssp245_6180","dry_temp_change_ssp245_6180","temp_change_ssp585_4560","tmax_change_ssp585_4560","prec_change_ssp585_4560","wet_prec_change_ssp585_4560","dry_prec_change_ssp585_4560","wet_temp_change_ssp585_4560","dry_temp_change_ssp585_4560","temp_change_ssp585_6180","tmax_change_ssp585_6180","prec_change_ssp585_6180","wet_prec_change_ssp585_6180","dry_prec_change_ssp585_6180","wet_temp_change_ssp585_6180","dry_temp_change_ssp585_6180"
"KHM.1_1","KHM","Cambodia","Bântéay Méanchey","Banteay Mean Cheay",NA,"Khêt","Province",NA,"KH.OM","KH-1",27.7,32.5,1122,1.73,1.59,2.49,3.05,-1.58,1.69,1.79,2.25,2.1,3.37,4.19,-2.47,2.2,2.33,2.15,1.99,3.42,4.2,-2.17,2.07,2.27,3.34,3.14,5.25,5.95,0.32,3.22,3.51
"KHM.2_1","KHM","Cambodia","Batdâmbâng","Battambang|Baat Dambang|Bat Dâm",NA,"Khêt","Province",NA,"KH.BA","KH-2",27.3,31.7,1460,1.68,1.54,2.97,3.68,-2.13,1.64,1.72,2.18,2.04,4.35,5.29,-2.41,2.15,2.23,2.08,1.93,3.32,4.14,-2.53,2.01,2.19,3.24,3.05,5.45,6.26,-0.42,3.13,3.38
"KHM.3_1","KHM","Cambodia","Kâmpóng Cham","Kampong Chaam|Kompong Cham",NA,"Khêt","Province",NA,"KH.KM","KH-3",27.5,31.6,1652,1.72,1.57,2.04,2.6,-3.2,1.69,1.75,2.21,2.07,3.29,4.05,-3.79,2.18,2.26,2.1,1.93,2.77,3.59,-4.9,2.04,2.18,3.24,3.05,5.13,5.91,-2.12,3.13,3.38
"KHM.4_1","KHM","Cambodia","Kâmpóng Chhnang","Kompong Chnang",NA,"Khêt","Province",NA,"KH.KG","KH-4",27.5,31.6,1482,1.71,1.58,2.18,2.68,-2.19,1.69,1.75,2.21,2.07,3.67,4.39,-2.62,2.18,2.26,2.09,1.92,3.09,3.77,-2.94,2.02,2.17,3.22,3.02,5.44,6.12,-0.52,3.12,3.36
"KHM.5_1","KHM","Cambodia","Kâmpóng Spœ","Kampong Speu|Kompong Speu|Kompon",NA,"Khêt","Province",NA,"KH.KS","KH-5",27.2,31.2,1532,1.73,1.63,1.41,2.05,-3.13,1.67,1.81,2.21,2.11,3.13,4.06,-3.42,2.15,2.29,2.06,1.93,3.28,4.21,-3.28,1.98,2.17,3.17,3.02,5.54,6.56,-1.66,3.05,3.32
"KHM.6_1","KHM","Cambodia","Kâmpóng Thum","Kampong Thom|Kompong Thom",NA,"Khêt","Province",NA,"KH.KT","KH-6",27.2,31.4,1572,1.74,1.59,1.54,2.05,-3.5,1.72,1.77,2.26,2.12,2.41,3.08,-4.13,2.23,2.31,2.13,1.95,2.09,2.77,-4.61,2.07,2.21,3.27,3.07,3.86,4.46,-2.03,3.17,3.41
"KHM.7_1","KHM","Cambodia","Kâmpôt",NA,NA,"Khêt","Province",NA,"KH.KP","KH-7",26.8,30.5,2130,1.71,1.66,0.89,1.72,-4.61,1.65,1.8,2.16,2.11,2.92,4.04,-4.52,2.1,2.25,2.02,1.94,3.24,4.33,-3.99,1.94,2.12,3.07,2.99,5.37,6.69,-3.38,2.98,3.2
"KHM.8_1","KHM","Cambodia","Kândal","Kandaal",NA,"Khêt","Province",NA,"KH.KN","KH-8",27.7,31.4,1292,1.7,1.58,2.21,2.84,-2.89,1.66,1.76,2.18,2.05,4.4,5.35,-3.2,2.13,2.25,2.06,1.92,3.85,4.77,-3.57,1.99,2.16,3.17,3.01,6.74,7.76,-1.44,3.06,3.33
"KHM.9_1","KHM","Cambodia","Kaôh Kong","Koh Kong",NA,"Khêt","Province",NA,"KH.KK","KH-9",25.9,29.8,2847,1.63,1.56,2.24,2.81,-3.76,1.59,1.68,2.09,2.03,3.62,4.37,-4.12,2.06,2.13,1.96,1.87,3.52,4.23,-3.95,1.91,2.02,3.03,2.93,5.39,6.19,-2.83,2.97,3.12
"KHM.10_1","KHM","Cambodia","Kep","Keb",NA,"Khêt","Province",NA,"KH","KH-23",27.2,30.7,2178,1.67,1.64,0.7,1.61,-4.7,1.62,1.75,2.11,2.07,2.71,3.91,-4.48,2.06,2.19,1.98,1.92,2.92,4.05,-3.83,1.92,2.06,3.02,2.97,4.72,6.09,-3.48,2.94,3.12
"KHM.11_1","KHM","Cambodia","Krâchéh","Kratie|Kratié|Kratiê|Krâ Chéh|Kr",NA,"Khêt","Province",NA,"KH.KH","KH-10",26.7,30.7,1883,1.75,1.67,2.44,2.94,-3.15,1.7,1.83,2.28,2.2,3.64,4.36,-4.55,2.21,2.37,2.13,2.03,2.86,3.57,-5.18,2.05,2.25,3.27,3.15,4.76,5.41,-2.55,3.16,3.44
"KHM.12_1","KHM","Cambodia","Krong Pailin","Pailin",NA,"Municipality","Municipality",NA,"KH.PL","KH-24",26.2,30.6,1935,1.66,1.54,2.58,3.23,-2,1.63,1.71,2.17,2.04,3.27,4.16,-3.04,2.14,2.21,2.06,1.92,2.98,3.76,-2.56,1.99,2.17,3.22,3.05,4.76,5.52,-0.57,3.11,3.36
"KHM.13_1","KHM","Cambodia","Krong Preah Sihanouk","Sihanoukville|Kampong Som|Kampon",NA,"Krong","Municipality",NA,"KH.KA","KH-18",26.8,30.6,2818,1.64,1.6,1.43,2.12,-4.59,1.6,1.7,2.08,2.04,2.92,3.81,-4.83,2.05,2.13,1.94,1.88,3.55,4.42,-4.07,1.89,2,2.98,2.92,5.19,6.19,-3.52,2.93,3.06
"KHM.14_1","KHM","Cambodia","Môndól Kiri","Mondul Kiri|Mondolkiri|Môndul Ki",NA,"Khêt","Province",NA,"KH.MK","KH-11",25.4,29.3,2040,1.76,1.71,2.76,3.14,-2.32,1.71,1.83,2.28,2.25,4.43,5.1,-4.75,2.22,2.36,2.12,2.05,3.33,3.91,-4.51,2.05,2.22,3.25,3.18,5.15,5.65,-1.64,3.15,3.38
"KHM.15_1","KHM","Cambodia","Otdar Mean Chey","Oddâr Méanchey",NA,"Khêt","Province",NA,"KH.OC","KH-22",27.1,32,1387,1.76,1.6,2.36,2.7,-1.34,1.7,1.83,2.29,2.12,3.14,3.59,-1.68,2.22,2.38,2.19,2.02,3.24,3.74,-2.12,2.1,2.31,3.39,3.19,4.48,4.87,0.33,3.26,3.56
"KHM.16_1","KHM","Cambodia","Phnom Penh","Phnum Pénh",NA,"Municipality","Municipality",NA,"KH.PP","KH-12",28,31.9,1296,1.71,1.59,2.61,3.18,-2.16,1.67,1.77,2.19,2.06,4.91,5.79,-2.38,2.14,2.26,2.07,1.92,4.41,5.25,-2.64,1.99,2.17,3.18,3.01,7.57,8.55,-0.59,3.06,3.34
"KHM.17_1","KHM","Cambodia","Pouthisat","Pursat",NA,"Khêt","Province",NA,"KH.PO","KH-15",26.3,30.4,1763,1.68,1.56,2.27,2.89,-2.76,1.65,1.72,2.17,2.05,3.71,4.55,-3.05,2.14,2.22,2.05,1.91,3.07,3.83,-3.09,1.99,2.14,3.18,3,5.26,6.07,-1.31,3.09,3.31
"KHM.18_1","KHM","Cambodia","Preah Vihéar",NA,NA,"Khêt","Province",NA,"KH.PH","KH-13",26.8,31.5,1646,1.78,1.65,2.32,2.7,-2.75,1.73,1.86,2.33,2.2,3.07,3.53,-3.07,2.25,2.43,2.17,2.02,3.13,3.64,-3.54,2.09,2.3,3.35,3.17,4.32,4.71,-0.93,3.23,3.52
"KHM.19_1","KHM","Cambodia","Prey Vêng","Prey Veaeng",NA,"Khêt","Province",NA,"KH.PY","KH-14",27.8,31.7,1413,1.69,1.55,1.8,2.43,-3.36,1.66,1.73,2.16,2.03,3.7,4.62,-3.88,2.13,2.21,2.06,1.91,3.03,3.98,-4.74,2.01,2.13,3.17,3,5.65,6.64,-2.41,3.07,3.31
"KHM.20_1","KHM","Cambodia","Rôtânôkiri","Ratana Kiri|Râtanakiri|Rotanah K",NA,"Khêt","Province",NA,"KH.RO","KH-16",25.9,29.7,2376,1.75,1.68,3.12,3.28,-0.92,1.71,1.8,2.27,2.23,4.98,5.29,-2.89,2.22,2.34,2.15,2.09,3.18,3.43,-3.09,2.09,2.23,3.29,3.23,5.1,5.33,-0.76,3.21,3.4
"KHM.21_1","KHM","Cambodia","Siemréab","Siem Reap|Siem Reab|Siem Réab|Si",NA,"Khêt","Province",NA,"KH.SI","KH-17",27.2,31.7,1320,1.72,1.56,2.86,3.34,-2.48,1.69,1.77,2.25,2.08,4.19,4.8,-2.42,2.21,2.3,2.13,1.96,3.47,4.04,-2.85,2.06,2.23,3.3,3.09,5.4,5.92,-0.25,3.19,3.44
"KHM.22_1","KHM","Cambodia","Stœng Trêng","Stung Treng|Stueng Traeng|Stung",NA,"Khêt","Province",NA,"KH.ST","KH-19",26.7,30.8,2022,1.77,1.68,3.52,3.8,-1.4,1.7,1.85,2.31,2.24,4.66,5.08,-2.58,2.23,2.42,2.17,2.07,3.78,4.21,-3.51,2.08,2.29,3.33,3.22,5.7,6.08,-0.83,3.21,3.49
"KHM.23_1","KHM","Cambodia","Svay Rieng","Soairieng|Svaay Rieng",NA,"Khêt","Province",NA,"KH.SR","KH-20",27.7,31.7,1540,1.68,1.56,2.24,2.89,-3.02,1.65,1.71,2.15,2.03,4.01,4.95,-3.52,2.11,2.2,2.04,1.9,3.17,4.09,-4.22,1.98,2.11,3.14,3,5.58,6.6,-2.59,3.05,3.27
"KHM.24_1","KHM","Cambodia","Takêv","Takeo|Taakaev|Takaev|Takeo",NA,"Khêt","Province",NA,"KH.TA","KH-21",27.7,31.4,1376,1.72,1.64,1.15,1.98,-3.92,1.65,1.81,2.17,2.09,3.48,4.67,-3.8,2.11,2.27,2.05,1.94,2.93,4.07,-4.03,1.97,2.16,3.13,3.01,5.33,6.62,-2.53,3.01,3.29
"KHM.25_1","KHM","Cambodia","Tbong Khmum",NA,NA,"Khêt","Province",NA,"KH.TB","KH-25",27.1,31.2,2011,1.73,1.6,1.58,2.21,-4.5,1.71,1.76,2.23,2.1,2.99,3.87,-5.5,2.2,2.28,2.11,1.96,2.02,2.93,-6.75,2.06,2.19,3.25,3.08,4.35,5.22,-4.09,3.15,3.38
